Adams,Aurora,CO
Adams,Hatton,WA
Adams,Lind,WA
Adams,Othello,WA
Adams,Ritzville,WA
Alameda,Berkeley,CA
Alameda,Fremont,CA
Alexandria,Alexandria,VA
Allen,Fort Wayne,IN
Anne Arundel,Annapolis,MD
Anne Arundel,Arnold,MD
Anne Arundel,Edgewater,MD
Anne Arundel,Fort George G Meade,MD
Anne Arundel,Gambrills,MD
Anne Arundel,Odenton,MD
Arapahoe,Englewood,CO
Arlington,Arlington,VA
Asotin,Asotin,WA
Asotin,Clarkston,WA
Beaufort,Okatie,SC
Bell,Killeen,TX
Benton,Benton City,WA
Benton,Corvallis,OR
Benton,Grandview,WA
Benton,Kenn,WA
Benton,Kennewick,WA
Benton,Plymouth,WA
Benton,Pros,WA
Benton,Prosser,WA
Benton,Rich,WA
Benton,Richland,WA
Benton,West Richland,WA
Berkeley,Summerville,SC
Bexar,San Antonio,TX
Boulder,Longmont,CO
Broward,Fort Lauderdale,FL
Burlington,Joint Base Mdl,NJ
Burlington,Medford,NJ
Calvert,Chesapeake Beach,MD
Camden,Haddonfield,NJ
Cape May,Avalon,NJ
Carroll,Westminster,MD
Champaign,Champaign,IL
Charles,Hughesville,MD
Charles,Waldorf,MD
Charleston,Charleston Afb,SC
Chelan,Cashmere,WA
Chelan,Chelan,WA
Chelan,Dryden,WA
Chelan,Entiat,WA
Chelan,Leavenworth,WA
Chelan,Malaga,WA
Chelan,Manson,WA
Chelan,Peshastin,WA
Chelan,Wenatchee,WA
Chesapeake,Chesapeake,VA
Clallam,Beaver,WA
Clallam,Bell Hill,WA
Clallam,Clallam Bay,WA
Clallam,Forks,WA
Clallam,Neah Bay,WA
Clallam,Port Angeles,WA
Clallam,Sekiu,WA
Clallam,Sequim,WA
Clark,Amboy,WA
Clark,Battle Ground,WA
Clark,Brush Prairie,WA
Clark,Camas,WA
Clark,La Center,WA
Clark,Las Vegas,NV
Clark,Laughlin,NV
Clark,Orchards,WA
Clark,Ridgefield,WA
Clark,Vancouver,WA
Clark,Washougal,WA
Clark,Woodland,WA
Clark,Yacolt,WA
Collin,Prosper,TX
Columbia,Dayton,WA
Columbia,Evans,GA
Contra Costa,Moraga,CA
Contra Costa,Pittsburg,CA
Cook,Arlington Heights,IL
Cook,Skokie,IL
Coryell,Gatesville,TX
Cowlitz,Ariel,WA
Cowlitz,Castle Rock,WA
Cowlitz,Cougar,WA
Cowlitz,Kalama,WA
Cowlitz,Kelso,WA
Cowlitz,Longview,WA
Cowlitz,Silver Lake,WA
Cowlitz,Silverlake,WA
Cowlitz,Toutle,WA
Cowlitz,Woodland,WA
Cumberland,Fayetteville,NC
Cumberland,Fort Bragg,NC
Cumberland,Mechanicsburg,PA
Dallas,Dallas,TX
DeKalb,Decatur,GA
District of Columbia,Washington,DC
Dorchester,Summerville,SC
Douglas,Bridgeport Bar,WA
Douglas,Bridgeport,WA
Douglas,Coulee City,WA
Douglas,Coulee Dam,WA
Douglas,East Wenatchee,WA
Douglas,Mansfield,WA
Douglas,Omaha,NE
Douglas,Orondo,WA
Douglas,Palisades,WA
Douglas,Parker,CO
Douglas,Rock Island,WA
Douglas,Waterville,WA
Dona Ana,Las Cruces,NM
El Paso,Colorado Springs,CO
El Paso,El Paso,TX
Elmore,Mountain Home Afb,ID
Emmet,Petoskey,MI
Essex,Bloomfield,NJ
Essex,Newark,NJ
Fairbanks North Star,Fairbanks,AK
Fairfax,Alexandria,VA
Fairfax,Burke,VA
Fairfax,Herndon,VA
Fairfax,Vienna,VA
Ferry,Curlew,WA
Ferry,Danville,WA
Ferry,Inchelium,WA
Ferry,Keller,WA
Ferry,Kettle Falls,WA
Ferry,Republic,WA
Franklin,Connell,WA
Franklin,Eltopia,WA
Franklin,Mesa,WA
Franklin,Othello,WA
Franklin,Pasco,WA
Frederick,Frederick,MD
Frederick,Middletown,MD
Galveston,Dickinson,TX
Garfield,Pomeroy,WA
Geary,Junction City,KS
Goochland,Henrico,VA
Grant,Coulee City,WA
Grant,Electric City,WA
Grant,Ephrata,WA
Grant,Hartline,WA
Grant,Lakeview,WA
Grant,Marlin,WA
Grant,Mattawa,WA
Grant,Moses Lake,WA
Grant,Othello,WA
Grant,Quincy,WA
Grant,Royal City,WA
Grant,Soap Lake,WA
Grant,Stratford,WA
Grant,Warden,WA
Grays Harbor,Aberdeen,WA
Grays Harbor,Amanda Park,WA
Grays Harbor,Copalis Beach,WA
Grays Harbor,Copalis Crossing,WA
Grays Harbor,Cosmopolis,WA
Grays Harbor,Elma,WA
Grays Harbor,Grayland,WA
Grays Harbor,Hoquiam,WA
Grays Harbor,Mccleary,WA
Grays Harbor,Moclips,WA
Grays Harbor,Montesano,WA
Grays Harbor,Oakville,WA
Grays Harbor,Ocean Shores,WA
Grays Harbor,Pacific Beach,WA
Grays Harbor,Quinault,WA
Grays Harbor,Satsop,WA
Grays Harbor,Taholah,WA
Grays Harbor,Westport,WA
Gwinnett,Suwanee,GA
Hamilton,Cincinnati,OH
Harnett,Spring Lake,NC
Harrison,Biloxi,MS
Hawaii,Kailua Kona,HI
Hennepin,Minneapolis,MN
Hillsborough,Lithia,FL
Hoke,Raeford,NC
Honolulu,Ewa Beach,HI
Honolulu,Honolulu,HI
Honolulu,Kailua,HI
Houston,Warner Robins,GA
Howard,Dayton,MD
Island,Camano Island,WA
Island,Clinton,WA
Island,Coupeville,WA
Island,Freeland,WA
Island,Greenbank,WA
Island,Langley,WA
Island,Oak Harbor,WA
Jackson,Altus,OK
Jefferson,Brinnon,WA
Jefferson,Chimacum,WA
Jefferson,Felts Mills,NY
Jefferson,Nordland,WA
Jefferson,Port Hadlock,WA
Jefferson,Port Ludlow,WA
Jefferson,Port Townsend,WA
Jefferson,Quilcene,WA
Jefferson,Sequim,WA
Jefferson,Watertown,NY
Kauai,Kekaha,HI
Kauai,Koloa,HI
Kent,Dover,DE
Kern,Ridgecrest,CA
Kern,Rosamond,CA
King,Algona,WA
King,Auburn,WA
King,Baring,WA
King,Beaux Arts,WA
King,Bellevue,WA
King,Black Diamond,WA
King,Bothell,WA
King,Burien,WA
King,Carnation,WA
King,Clyde Hill,WA
King,Covington,WA
King,Des Moines,WA
King,Duvall,WA
King,Enumclaw,WA
King,Fall City,WA
King,Federal Way,WA
King,Gold Bar,WA
King,Hunts Point,WA
King,Issaquah,WA
King,Kenmore,WA
King,Kent,WA
King,Kirkland,WA
King,Lake Forest Park,WA
King,Maple Valley,WA
King,Medina,WA
King,Mercer Island,WA
King,Milton,WA
King,Newcastle,WA
King,Normandy Park,WA
King,North Bend,WA
King,Pacific,WA
King,Preston,WA
King,Ravensdale,WA
King,Redmond,WA
King,Renton,WA
King,Sammamish,WA
King,Seatac,WA
King,Seattle,WA
King,Shoreline,WA
King,Skykomish,WA
King,Snoqualmie Pass,WA
King,Snoqualmie,WA
King,Tukwila,WA
King,Vashon,WA
King,Woodinville,WA
King,Yarrow Point,WA
Kings,Lemoore,CA
Kitsap,Bainbridge Island,WA
Kitsap,Belfair,WA
Kitsap,Bremerton,WA
Kitsap,Gig Harbor,WA
Kitsap,Hansville,WA
Kitsap,Indianola,WA
Kitsap,Keyport,WA
Kitsap,Kingston,WA
Kitsap,Olalla,WA
Kitsap,Port Gamble,WA
Kitsap,Port Orchard,WA
Kitsap,Poulsbo,WA
Kitsap,Seabeck,WA
Kitsap,Silverdale,WA
Kitsap,Suquamish,WA
Kittitas,Cle Elum,WA
Kittitas,Easton,WA
Kittitas,Ellensburg,WA
Kittitas,Kittitas,WA
Kittitas,Ronald,WA
Kittitas,Roslyn,WA
Kittitas,Snoqualmie Pass,WA
Kittitas,South Cle Elum,WA
Kittitas,Thorp,WA
Kittitas,Vantage,WA
Klickitat,Alderdale,WA
Klickitat,Bingen,WA
Klickitat,Bz Corner,WA
Klickitat,Dallesport,WA
Klickitat,Glenwood,WA
Klickitat,Goldendale,WA
Klickitat,Husum,WA
Klickitat,Klickitat,WA
Klickitat,Lyle,WA
Klickitat,Maryhill,WA
Klickitat,Murdock,WA
Klickitat,Roosevelt,WA
Klickitat,Snowden,WA
Klickitat,Trout Lake,WA
Klickitat,Wahkiacus,WA
Klickitat,White Salmon,WA
Klickitat,Wishram,WA
Kootenai,Worley,ID
Lake,Highland Park,IL
Lake,Libertyville,IL
Lane,Eugene,OR
Laramie,Cheyenne,WY
Larimer,Timnath,CO
Las Animas,Trinidad,CO
Leavenworth,Fort Leavenworth,KS
Leavenworth,Lansing,KS
Lee,Smiths Station,AL
Lewis,Ashford,WA
Lewis,Centralia,WA
Lewis,Chehalis,WA
Lewis,Cinebar,WA
Lewis,Curtis,WA
Lewis,Ethel,WA
Lewis,Glenoma,WA
Lewis,Mineral,WA
Lewis,Morton,WA
Lewis,Mossyrock,WA
Lewis,Napavine,WA
Lewis,Onalaska,WA
Lewis,Packwood,WA
Lewis,Pe Ell,WA
Lewis,Randle,WA
Lewis,Rochester,WA
Lewis,Salkum,WA
Lewis,Silver Creek,WA
Lewis,Toledo,WA
Lewis,Vader,WA
Lewis,Winlock,WA
Lincoln,Davenport,WA
Lincoln,Deer Meadows,WA
Lincoln,Ford,WA
Lincoln,Grand Coulee,WA
Lincoln,Harrington,WA
Lincoln,Lincoln City,OR
Lincoln,Lincoln,WA
Lincoln,Odessa,WA
Lincoln,Reardan,WA
Lincoln,Seven Bays,WA
Lincoln,Sprague,WA
Lincoln,Wilbur,WA
Los Angeles,Alhambra,CA
Los Angeles,Canoga Park,CA
Los Angeles,Gardena,CA
Los Angeles,Lakewood,CA
Los Angeles,Long Beach,CA
Los Angeles,Los Angeles,CA
Loudoun,Aldie,VA
Madison,Saint Jacob,IL
Maricopa,Anthem,AZ
Maricopa,Chandler,AZ
Maricopa,Goodyear,AZ
Maricopa,Phoenix,AZ
Maricopa,Tempe,AZ
Marin,San Rafael,CA
Mason,Allyn,WA
Mason,Belfair,WA
Mason,Elma,WA
Mason,Grapeview,WA
Mason,Hoodsport,WA
Mason,Lilliwaup,WA
Mason,McCleary,WA
Mason,Shelton,WA
Mason,Tahuya,WA
Mason,Union,WA
Middlesex,Bedford,MA
Middlesex,Chelmsford,MA
Middlesex,Hanscom Afb,MA
Monterey,Seaside,CA
Montgomery,Chevy Chase,MD
Montgomery,Kensington,MD
Montgomery,Potomac,MD
Montgomery,Silver Spring,MD
Moore,Southern Pines,NC
Multnomah,Portland,OR
Napa,Napa,CA
New Haven,Madison,CT
New London,Mystic,CT
New London,Old Lyme,CT
New London,Pawcatuck,CT
New London,Waterford,CT
Newport News,Newport News,VA
Newport,Middletown,RI
Norfolk,Norfolk,VA
Nueces,Corpus Christi,TX
Okanogan,Brewster,WA
Okanogan,Carlton,WA
Okanogan,Chelan,WA
Okanogan,Coulee Dam,WA
Okanogan,Malott,WA
Okanogan,Mazama,WA
Okanogan,Methow,WA
Okanogan,Nespelem,WA
Okanogan,Okanogan,WA
Okanogan,Omak,WA
Okanogan,Oroville,WA
Okanogan,Pateros,WA
Okanogan,Riverside,WA
Okanogan,Tonasket,WA
Okanogan,Twisp,WA
Okanogan,Winthrop,WA
Oldham,Goshen,KY
Onslow,Mccutcheon Field,NC
Orange,Buena Park,CA
Orange,Huntington Beach,CA
Orange,Irvine,CA
Orange,Newport Beach,CA
Orange,Santa Ana,CA
Pacific,Bay Center,WA
Pacific,Chinook,WA
Pacific,Frances,WA
Pacific,Ilwaco,WA
Pacific,Lebam,WA
Pacific,Long Beach,WA
Pacific,Menlo,WA
Pacific,Nahcotta,WA
Pacific,Naselle,WA
Pacific,North Cove,WA
Pacific,Ocean Park,WA
Pacific,Oysterville,WA
Pacific,Raymond,WA
Pacific,Seaview,WA
Pacific,Smith Creek,WA
Pacific,South Bend,WA
Pacific,Surfside,WA
Pacific,Tokeland,WA
Pend Oreille,Cusick,WA
Pend Oreille,Elk,WA
Pend Oreille,Newport,WA
Pend Oreille,Usk,WA
Pierce,Anderson Island,WA
Pierce,Artondale,WA
Pierce,Ashford,WA
Pierce,Auburn,WA
Pierce,Bonney Lake,WA
Pierce,Buckley,WA
Pierce,Carbonado,WA
Pierce,Dupont,WA
Pierce,Eatonville,WA
Pierce,Edgewood,WA
Pierce,Elbe,WA
Pierce,Enumclaw,WA
Pierce,Fife,WA
Pierce,Fircrest,WA
Pierce,Fox Island,WA
Pierce,Gig Harbor,WA
Pierce,Graham,WA
Pierce,Incorporated,WA
Pierce,Joint Base Lewis Mcchord,WA
Pierce,Kapowsin,WA
Pierce,Lake Tapps,WA
Pierce,Lakebay,WA
Pierce,Lakewood,WA
Pierce,Longbranch,WA
Pierce,Mcchord Afb,WA
Pierce,Milton,WA
Pierce,Orting,WA
Pierce,Pacific,WA
Pierce,Parkland,WA
Pierce,Puyallup,WA
Pierce,Roy,WA
Pierce,Ruston,WA
Pierce,South Hill,WA
Pierce,South Prairie,WA
Pierce,Spanaway,WA
Pierce,Steilacoom,WA
Pierce,Sumner,WA
Pierce,Tacoma,WA
Pierce,University Place,WA
Pierce,Vaughn,WA
Pierce,Wilkeson,WA
Placer,Roseville,CA
Plaquemines,Belle Chasse,LA
Platte,Platte City,MO
Polk,Salem,OR
Portsmouth,Portsmouth,VA
Prince George's,Andrews Air Force Base,MD
Prince George's,Fort Washington,MD
Prince George's,Upper Marlboro,MD
Pulaski,Little Rock,AR
Randolph,Asheboro,NC
Ray,Rayville,MO
Richmond,Augusta,GA
Richmond,Staten Island,NY
Riverside,Cathedral City,CA
Riverside,Indio,CA
Riverside,Menifee,CA
Riverside,Wildomar,CA
Rock Island,Rock Island,IL
Rockdale,Conyers,GA
Rockingham,Portsmouth,NH
Sacramento,Elk Grove,CA
Sacramento,Sacramento,CA
Salt Lake,Salt Lake City,UT
San Bernardino,Apple Valley,CA
San Bernardino,Fort Irwin,CA
San Bernardino,Twentynine Palms,CA
San Diego,Chula Vista,CA
San Diego,Coronado,CA
San Diego,Oceanside,CA
San Diego,San Clemente,CA
San Diego,San Diego,CA
San Juan,Anacortes,WA
San Juan,Deer Harbor,WA
San Juan,Eastsound,WA
San Juan,Friday Harbor,WA
San Juan,Lopez Is,WA
San Juan,Lopez Island,WA
San Juan,Olga,WA
San Juan,Orcas Is,WA
San Juan,Orcas,WA
San Juan,Shaw Island,WA
San Juan,Waldron,WA
San Mateo,San Mateo,CA
Santa Barbara,Lompoc,CA
Santa Clara,Cupertino,CA
Santa Clara,Palo Alto,CA
Santa Clara,San Jose,CA
Santa Clara,Santa Clara,CA
Santa Cruz,Santa Cruz,CA
Sarasota,Sarasota,FL
Saratoga,Greenfield Center,NY
Saratoga,Saratoga Springs,NY
Sarpy,Bellevue,NE
Sedgwick,Wichita,KS
Sheridan,Sheridan,WY
Skagit,Anacortes,WA
Skagit,Bellingham,WA
Skagit,Bow,WA
Skagit,Burlington,WA
Skagit,Clearlake,WA
Skagit,Concrete,WA
Skagit,Darrington,WA
Skagit,Hamilton,WA
Skagit,La Conner,WA
Skagit,Lyman,WA
Skagit,Marblemount,WA
Skagit,Mount Vernon,WA
Skagit,Rockport,WA
Skagit,Sedro Woolley,WA
Skagit,Sedro-Woolley,WA
Skamania,Bingen,WA
Skamania,Carson,WA
Skamania,North Bonneville,WA
Skamania,Stevenson,WA
Skamania,Underwood,WA
Skamania,Washougal,WA
Skamania,White Salmon,WA
Snohomish,Arlington,WA
Snohomish,Bothell,WA
Snohomish,Brier,WA
Snohomish,Darrington,WA
Snohomish,Edmonds,WA
Snohomish,Everett,WA
Snohomish,Gold Bar,WA
Snohomish,Granite Falls,WA
Snohomish,Index,WA
Snohomish,Lake Stevens,WA
Snohomish,Lynnwood,WA
Snohomish,Marysville,WA
Snohomish,Mill Creek,WA
Snohomish,Monroe,WA
Snohomish,Mountlake Terrace,WA
Snohomish,Mukilteo,WA
Snohomish,Shoreline,WA
Snohomish,Snohomish,WA
Snohomish,Stanwood,WA
Snohomish,Sultan,WA
Snohomish,Tulalip,WA
Snohomish,Woodinville,WA
Snohomish,Woodway,WA
Solano,Benicia,CA
Solano,Travis Afb,CA
Solano,Vacaville,CA
Sonoma,Santa Rosa,CA
Sonoma,Sonoma,CA
Spokane,Airway Heights,WA
Spokane,Chattaroy,WA
Spokane,Cheney,WA
Spokane,Colbert,WA
Spokane,Deer Park,WA
Spokane,Edwall,WA
Spokane,Elk,WA
Spokane,Fairchild Air Force Base,WA
Spokane,Greenacres,WA
Spokane,Latah,WA
Spokane,Liberty Lake,WA
Spokane,Mead,WA
Spokane,Medical Lake,WA
Spokane,Mica,WA
Spokane,Newman Lake,WA
Spokane,Nine Mile Falls,WA
Spokane,Otis Orchards,WA
Spokane,Reardan,WA
Spokane,Rockford,WA
Spokane,Rosalia,WA
Spokane,Spangle,WA
Spokane,Spokane Valley,WA
Spokane,Spokane,WA
Spokane,Valleyford,WA
Spokane,Veradale,WA
St. Clair,Belleville,IL
St. Louis,Saint Louis,MO
St. Mary's,Lexington Park,MD
St. Tammany,Slidell,LA
Stafford,Fredericksburg,VA
Stafford,Stafford,VA
Stevens,Addy,WA
Stevens,Chewelah,WA
Stevens,Clayton,WA
Stevens,Colville,WA
Stevens,Deer Park,WA
Stevens,Evans,WA
Stevens,Ford,WA
Stevens,Fruitland,WA
Stevens,Gifford,WA
Stevens,Hunters,WA
Stevens,Kettle Falls,WA
Stevens,Loon Lake,WA
Stevens,Nine Mile Falls,WA
Stevens,Rice,WA
Stevens,Springdale,WA
Stevens,Tumtum,WA
Stevens,Valley,WA
Suffolk,Suffolk,VA
Sumter,Sumter,SC
Tarrant,Southlake,TX
Thurston,Bucoda,WA
Thurston,Centralia,WA
Thurston,Lacey,WA
Thurston,Oakville,WA
Thurston,Olympia,WA
Thurston,Rainier,WA
Thurston,Rochester,WA
Thurston,Tenino,WA
Thurston,Tumwater,WA
Thurston,Yelm,WA
Travis,Austin,TX
Ulster,Kingston,NY
Ventura,Port Hueneme,CA
Ventura,Ventura,CA
Vernon,Leesville,LA
Virginia Beach,Virginia Beach,VA
Wahkiakum,Cathlamet,WA
Wahkiakum,Grays River,WA
Wahkiakum,Naselle,WA
Wahkiakum,Rosburg,WA
Wahkiakum,Skamokawa,WA
Walla Walla,Burbank,WA
Walla Walla,College Place,WA
Walla Walla,Touchet,WA
Walla Walla,Waitsburg,WA
Walla Walla,Walla Walla Co,WA
Walla Walla,Walla Walla,WA
Washington,Keedysville,MD
Wayne,Goldsboro,NC
Whatcom,Acme,WA
Whatcom,Bellingham,WA
Whatcom,Blaine,WA
Whatcom,Custer,WA
Whatcom,Deming,WA
Whatcom,Everson,WA
Whatcom,Ferndale,WA
Whatcom,Glacier,WA
Whatcom,Lummi Island,WA
Whatcom,Lynden,WA
Whatcom,Maple Falls,WA
Whatcom,Nooksack,WA
Whatcom,Point Roberts,WA
Whatcom,Sedro Woolley,WA
Whatcom,Sumas,WA
Whitman,Colfax,WA
Whitman,Colton,WA
Whitman,Endicott,WA
Whitman,Garfield,WA
Whitman,Lacrosse,WA
Whitman,Lamont,WA
Whitman,Palouse,WA
Whitman,Pullman,WA
Whitman,Rosalia,WA
Whitman,St John,WA
Whitman,Tekoa,WA
Whitman,Uniontown,WA
Wichita,Wichita Falls,TX
Williamson,Round Rock,TX
Wilson,La Vernia,TX
Yakima,Cowiche,WA
Yakima,Grandview,WA
Yakima,Granger,WA
Yakima,Mabton,WA
Yakima,Moxee,WA
Yakima,Naches,WA
Yakima,Outlook,WA
Yakima,Prosser,WA
Yakima,Selah,WA
Yakima,Sunnyside,WA
Yakima,Tieton,WA
Yakima,Toppenish,WA
Yakima,Union Gap,WA
Yakima,Wapato,WA
Yakima,White Swan,WA
Yakima,Yakima,WA
Yakima,Zillah,WA
Yavapai,Prescott,AZ
Yellowstone,Billings,MT
